/*
 Navicat Premium Data Transfer

 Source Server         : local
 Source Server Type    : MySQL
 Source Server Version : 90600 (9.6.0)
 Source Host           : localhost:3306
 Source Schema         : smart_elderly_db

 Target Server Type    : MySQL
 Target Server Version : 90600 (9.6.0)
 File Encoding         : 65001

 Date: 03/04/2026 21:36:55
*/

SET NAMES utf8mb4;
SET FOREIGN_KEY_CHECKS = 0;

-- ----------------------------
-- Table structure for appointment
-- ----------------------------
DROP TABLE IF EXISTS `appointment`;
CREATE TABLE `appointment`  (
  `appoint_id` bigint NOT NULL AUTO_INCREMENT COMMENT 'йў„зәҰе”ҜдёҖж ҮиҜҶ',
  `user_id` bigint NULL DEFAULT NULL COMMENT 'йў„зәҰжӮЈиҖ…ID',
  `doctor_id` bigint NULL DEFAULT NULL COMMENT 'жҺҘиҜҠеҢ»з”ҹID',
  `appoint_time` datetime NULL DEFAULT NULL COMMENT 'йў„зәҰжңҚеҠЎж—¶й—ҙ',
  `status` tinyint(1) NULL DEFAULT 0 COMMENT 'йў„зәҰзҠ¶жҖҒ(0еҫ…еӨ„зҗҶ,1е·ІзЎ®и®Ө,2е·ІеҸ–ж¶Ҳ)',
  PRIMARY KEY (`appoint_id`) USING BTREE,
  INDEX `fk_appoint_user`(`user_id` ASC) USING BTREE,
  INDEX `fk_appoint_doctor`(`doctor_id` ASC) USING BTREE,
  CONSTRAINT `fk_appoint_doctor` FOREIGN KEY (`doctor_id`) REFERENCES `user` (`user_id`) ON DELETE RESTRICT ON UPDATE RESTRICT,
  CONSTRAINT `fk_appoint_user` FOREIGN KEY (`user_id`) REFERENCES `user` (`user_id`) ON DELETE RESTRICT ON UPDATE RESTRICT
) ENGINE = InnoDB CHARACTER SET = utf8mb4 COLLATE = utf8mb4_0900_ai_ci COMMENT = 'йў„зәҰи®°еҪ•иЎЁ' ROW_FORMAT = Dynamic;

-- ----------------------------
-- Records of appointment
-- ----------------------------

-- ----------------------------
-- Table structure for doctor_schedule
-- ----------------------------
DROP TABLE IF EXISTS `doctor_schedule`;
CREATE TABLE `doctor_schedule`  (
  `schedule_id` bigint NOT NULL AUTO_INCREMENT COMMENT 'жҺ’зҸӯе”ҜдёҖж ҮиҜҶ',
  `doctor_id` bigint NULL DEFAULT NULL COMMENT 'еҢ»з”ҹID',
  `work_date` date NULL DEFAULT NULL COMMENT 'жҺ’зҸӯж—Ҙжңҹ',
  `time_slot` tinyint(1) NULL DEFAULT NULL COMMENT 'йў„зәҰж—¶ж®ө(0дёҠеҚҲ,1дёӢеҚҲ)',
  `max_capacity` int NULL DEFAULT NULL COMMENT 'жңҖеӨ§еҸ·жәҗж•°',
  `booked_count` int NULL DEFAULT 0 COMMENT 'е·Ійў„зәҰж•°',
  PRIMARY KEY (`schedule_id`) USING BTREE,
  INDEX `fk_schedule_doctor`(`doctor_id` ASC) USING BTREE,
  CONSTRAINT `fk_schedule_doctor` FOREIGN KEY (`doctor_id`) REFERENCES `user` (`user_id`) ON DELETE CASCADE ON UPDATE RESTRICT
) ENGINE = InnoDB AUTO_INCREMENT = 49 CHARACTER SET = utf8mb4 COLLATE = utf8mb4_0900_ai_ci COMMENT = 'еҢ»з”ҹжҺ’зҸӯиЎЁ' ROW_FORMAT = Dynamic;

-- ----------------------------
-- Records of doctor_schedule
-- ----------------------------
INSERT INTO `doctor_schedule` VALUES (1, 1002, '2026-04-04', 0, 10, 0);
INSERT INTO `doctor_schedule` VALUES (2, 1001, '2026-04-04', 0, 15, 10);
INSERT INTO `doctor_schedule` VALUES (3, 1001, '2026-04-05', 1, 15, 6);
INSERT INTO `doctor_schedule` VALUES (4, 1001, '2026-04-07', 0, 15, 12);
INSERT INTO `doctor_schedule` VALUES (5, 1001, '2026-04-09', 1, 15, 15);
INSERT INTO `doctor_schedule` VALUES (6, 1001, '2026-04-12', 0, 15, 3);
INSERT INTO `doctor_schedule` VALUES (7, 1002, '2026-04-04', 1, 25, 18);
INSERT INTO `doctor_schedule` VALUES (8, 1002, '2026-04-06', 0, 25, 25);
INSERT INTO `doctor_schedule` VALUES (9, 1002, '2026-04-06', 1, 25, 10);
INSERT INTO `doctor_schedule` VALUES (10, 1002, '2026-04-10', 0, 25, 15);
INSERT INTO `doctor_schedule` VALUES (11, 1002, '2026-04-13', 0, 25, 5);
INSERT INTO `doctor_schedule` VALUES (12, 1003, '2026-04-05', 0, 10, 10);
INSERT INTO `doctor_schedule` VALUES (13, 1003, '2026-04-08', 0, 10, 10);
INSERT INTO `doctor_schedule` VALUES (14, 1003, '2026-04-12', 0, 10, 9);
INSERT INTO `doctor_schedule` VALUES (15, 1003, '2026-04-17', 0, 10, 4);
INSERT INTO `doctor_schedule` VALUES (16, 1004, '2026-04-04', 1, 20, 5);
INSERT INTO `doctor_schedule` VALUES (17, 1004, '2026-04-06', 0, 20, 8);
INSERT INTO `doctor_schedule` VALUES (18, 1004, '2026-04-08', 1, 20, 2);
INSERT INTO `doctor_schedule` VALUES (19, 1004, '2026-04-11', 0, 20, 1);
INSERT INTO `doctor_schedule` VALUES (20, 1004, '2026-04-15', 0, 20, 0);
INSERT INTO `doctor_schedule` VALUES (21, 1005, '2026-04-05', 0, 15, 8);
INSERT INTO `doctor_schedule` VALUES (22, 1005, '2026-04-07', 1, 15, 5);
INSERT INTO `doctor_schedule` VALUES (23, 1005, '2026-04-10', 0, 15, 10);
INSERT INTO `doctor_schedule` VALUES (24, 1005, '2026-04-14', 1, 15, 2);
INSERT INTO `doctor_schedule` VALUES (25, 1006, '2026-04-04', 0, 20, 18);
INSERT INTO `doctor_schedule` VALUES (26, 1006, '2026-04-05', 0, 20, 20);
INSERT INTO `doctor_schedule` VALUES (27, 1006, '2026-04-08', 0, 20, 15);
INSERT INTO `doctor_schedule` VALUES (28, 1006, '2026-04-11', 1, 20, 6);
INSERT INTO `doctor_schedule` VALUES (29, 1006, '2026-04-16', 0, 20, 1);
INSERT INTO `doctor_schedule` VALUES (30, 1007, '2026-04-06', 0, 12, 12);
INSERT INTO `doctor_schedule` VALUES (31, 1007, '2026-04-09', 0, 12, 12);
INSERT INTO `doctor_schedule` VALUES (32, 1007, '2026-04-13', 0, 12, 8);
INSERT INTO `doctor_schedule` VALUES (33, 1007, '2026-04-17', 0, 12, 0);
INSERT INTO `doctor_schedule` VALUES (34, 1008, '2026-04-05', 1, 20, 10);
INSERT INTO `doctor_schedule` VALUES (35, 1008, '2026-04-07', 0, 20, 12);
INSERT INTO `doctor_schedule` VALUES (36, 1008, '2026-04-09', 0, 20, 8);
INSERT INTO `doctor_schedule` VALUES (37, 1008, '2026-04-12', 1, 20, 3);
INSERT INTO `doctor_schedule` VALUES (38, 1008, '2026-04-14', 0, 20, 0);
INSERT INTO `doctor_schedule` VALUES (39, 1009, '2026-04-04', 0, 20, 15);
INSERT INTO `doctor_schedule` VALUES (40, 1009, '2026-04-06', 1, 20, 12);
INSERT INTO `doctor_schedule` VALUES (41, 1009, '2026-04-08', 0, 20, 18);
INSERT INTO `doctor_schedule` VALUES (42, 1009, '2026-04-10', 0, 20, 9);
INSERT INTO `doctor_schedule` VALUES (43, 1009, '2026-04-15', 1, 20, 2);
INSERT INTO `doctor_schedule` VALUES (44, 1010, '2026-04-05', 0, 15, 10);
INSERT INTO `doctor_schedule` VALUES (45, 1010, '2026-04-05', 1, 15, 8);
INSERT INTO `doctor_schedule` VALUES (46, 1010, '2026-04-08', 0, 15, 12);
INSERT INTO `doctor_schedule` VALUES (47, 1010, '2026-04-11', 1, 15, 5);
INSERT INTO `doctor_schedule` VALUES (48, 1010, '2026-04-16', 0, 15, 1);

-- ----------------------------
-- Table structure for emergency_record
-- ----------------------------
DROP TABLE IF EXISTS `emergency_record`;
CREATE TABLE `emergency_record`  (
  `help_id` bigint NOT NULL AUTO_INCREMENT COMMENT 'жұӮеҠ©е”ҜдёҖж ҮиҜҶ',
  `user_id` bigint NULL DEFAULT NULL COMMENT 'жұӮеҠ©иҖҒдәәID',
  `help_time` datetime NULL DEFAULT CURRENT_TIMESTAMP COMMENT 'жұӮеҠ©еҸ‘з”ҹж—¶й—ҙ',
  `location` varchar(255) CHARACTER SET utf8mb4 COLLATE utf8mb4_0900_ai_ci NULL DEFAULT NULL COMMENT 'дҪҚзҪ®/ең°еқҖдҝЎжҒҜ',
  `status` tinyint(1) NULL DEFAULT 0 COMMENT 'еӨ„зҗҶзҠ¶жҖҒ(0еҫ…еӨ„зҗҶ,1е®¶еұһжҺҘеҚ•,2зӨҫеҢәжҺҘеҚ•,3е·Іи§ЈеҶі)',
  `handle_result` text CHARACTER SET utf8mb4 COLLATE utf8mb4_0900_ai_ci NULL COMMENT 'еӨ„зҗҶз»“жһңиҜҙжҳҺ',
  PRIMARY KEY (`help_id`) USING BTREE,
  INDEX `fk_emergency_user`(`user_id` ASC) USING BTREE,
  CONSTRAINT `fk_emergency_user` FOREIGN KEY (`user_id`) REFERENCES `user` (`user_id`) ON DELETE CASCADE ON UPDATE RESTRICT
) ENGINE = InnoDB CHARACTER SET = utf8mb4 COLLATE = utf8mb4_0900_ai_ci COMMENT = 'зҙ§жҖҘжұӮеҠ©и®°еҪ•иЎЁ' ROW_FORMAT = Dynamic;

-- ----------------------------
-- Records of emergency_record
-- ----------------------------

-- ----------------------------
-- Table structure for family_bind
-- ----------------------------
DROP TABLE IF EXISTS `family_bind`;
CREATE TABLE `family_bind`  (
  `bind_id` bigint NOT NULL AUTO_INCREMENT COMMENT 'з»‘е®ҡе”ҜдёҖж ҮиҜҶ',
  `elder_id` bigint NULL DEFAULT NULL COMMENT 'иҖҒе№ҙдәәID',
  `family_id` bigint NULL DEFAULT NULL COMMENT 'е®¶еұһID',
  `relation` varchar(50) CHARACTER SET utf8mb4 COLLATE utf8mb4_0900_ai_ci NULL DEFAULT NULL COMMENT 'дәІеұһе…ізі»',
  `create_time` datetime NULL DEFAULT CURRENT_TIMESTAMP COMMENT 'з»‘е®ҡж—¶й—ҙ',
  PRIMARY KEY (`bind_id`) USING BTREE,
  INDEX `fk_bind_elder`(`elder_id` ASC) USING BTREE,
  INDEX `fk_bind_family`(`family_id` ASC) USING BTREE,
  CONSTRAINT `fk_bind_elder` FOREIGN KEY (`elder_id`) REFERENCES `user` (`user_id`) ON DELETE CASCADE ON UPDATE RESTRICT,
  CONSTRAINT `fk_bind_family` FOREIGN KEY (`family_id`) REFERENCES `user` (`user_id`) ON DELETE CASCADE ON UPDATE RESTRICT
) ENGINE = InnoDB AUTO_INCREMENT = 51 CHARACTER SET = utf8mb4 COLLATE = utf8mb4_0900_ai_ci COMMENT = 'е®¶еұһз»‘е®ҡе…ізі»иЎЁ' ROW_FORMAT = Dynamic;

-- ----------------------------
-- Records of family_bind
-- ----------------------------
INSERT INTO `family_bind` VALUES (1, 1021, 1049, 'зҲ¶еӯҗ', '2026-04-03 21:34:03');
INSERT INTO `family_bind` VALUES (2, 1021, 1050, 'зҲ¶еҘі', '2026-04-03 21:34:03');
INSERT INTO `family_bind` VALUES (3, 1022, 1051, 'зҲ¶еӯҗ', '2026-04-03 21:34:03');
INSERT INTO `family_bind` VALUES (4, 1023, 1052, 'жҜҚеӯҗ', '2026-04-03 21:34:03');
INSERT INTO `family_bind` VALUES (5, 1023, 1053, 'жҜҚеҘі', '2026-04-03 21:34:03');
INSERT INTO `family_bind` VALUES (6, 1024, 1054, 'зҲ¶еӯҗ', '2026-04-03 21:34:03');
INSERT INTO `family_bind` VALUES (7, 1025, 1055, 'жҜҚеҘі', '2026-04-03 21:34:03');
INSERT INTO `family_bind` VALUES (8, 1026, 1056, 'зҲ¶еӯҗ', '2026-04-03 21:34:03');
INSERT INTO `family_bind` VALUES (9, 1027, 1057, 'жҜҚеҘі', '2026-04-03 21:34:03');
INSERT INTO `family_bind` VALUES (10, 1028, 1058, 'зҲ¶еӯҗ', '2026-04-03 21:34:03');
INSERT INTO `family_bind` VALUES (11, 1029, 1059, 'зҲ¶еӯҗ', '2026-04-03 21:34:03');
INSERT INTO `family_bind` VALUES (12, 1029, 1060, 'зҲ¶еҘі', '2026-04-03 21:34:03');
INSERT INTO `family_bind` VALUES (13, 1030, 1061, 'зҲ¶еӯҗ', '2026-04-03 21:34:03');
INSERT INTO `family_bind` VALUES (14, 1030, 1062, 'зҲ¶еҘі', '2026-04-03 21:34:03');
INSERT INTO `family_bind` VALUES (15, 1031, 1063, 'зҲ¶еӯҗ', '2026-04-03 21:34:03');
INSERT INTO `family_bind` VALUES (16, 1031, 1064, 'зҲ¶еӯҗ', '2026-04-03 21:34:03');
INSERT INTO `family_bind` VALUES (17, 1032, 1065, 'еӨ«еҰ»', '2026-04-03 21:34:03');
INSERT INTO `family_bind` VALUES (18, 1032, 1066, 'жҜҚеҘі', '2026-04-03 21:34:03');
INSERT INTO `family_bind` VALUES (19, 1033, 1067, 'жҜҚеҘі', '2026-04-03 21:34:03');
INSERT INTO `family_bind` VALUES (20, 1033, 1068, 'зҲ¶еӯҗ', '2026-04-03 21:34:03');
INSERT INTO `family_bind` VALUES (21, 1034, 1069, 'жҜҚеӯҗ', '2026-04-03 21:34:03');
INSERT INTO `family_bind` VALUES (22, 1034, 1070, 'жҜҚеҘі', '2026-04-03 21:34:03');
INSERT INTO `family_bind` VALUES (23, 1035, 1071, 'еӨ«еҰ»', '2026-04-03 21:34:03');
INSERT INTO `family_bind` VALUES (24, 1035, 1072, 'зҲ¶еҘі', '2026-04-03 21:34:03');
INSERT INTO `family_bind` VALUES (25, 1036, 1073, 'зҲ¶еӯҗ', '2026-04-03 21:34:03');
INSERT INTO `family_bind` VALUES (26, 1036, 1074, 'зҲ¶еҘі', '2026-04-03 21:34:03');
INSERT INTO `family_bind` VALUES (27, 1037, 1075, 'жҜҚеӯҗ', '2026-04-03 21:34:03');
INSERT INTO `family_bind` VALUES (28, 1037, 1076, 'жҜҚеҘі', '2026-04-03 21:34:03');
INSERT INTO `family_bind` VALUES (29, 1038, 1077, 'зҲ¶еӯҗ', '2026-04-03 21:34:03');
INSERT INTO `family_bind` VALUES (30, 1038, 1078, 'зҲ¶еӯҗ', '2026-04-03 21:34:03');
INSERT INTO `family_bind` VALUES (31, 1039, 1079, 'еӨ«еҰ»', '2026-04-03 21:34:03');
INSERT INTO `family_bind` VALUES (32, 1039, 1080, 'зҲ¶еҘі', '2026-04-03 21:34:03');
INSERT INTO `family_bind` VALUES (33, 1040, 1081, 'зҲ¶еӯҗ', '2026-04-03 21:34:03');
INSERT INTO `family_bind` VALUES (34, 1040, 1082, 'зҲ¶еҘі', '2026-04-03 21:34:03');
INSERT INTO `family_bind` VALUES (35, 1041, 1083, 'зҲ¶еӯҗ', '2026-04-03 21:34:03');
INSERT INTO `family_bind` VALUES (36, 1041, 1084, 'зҲ¶еҘі', '2026-04-03 21:34:03');
INSERT INTO `family_bind` VALUES (37, 1042, 1085, 'еӨ«еҰ»', '2026-04-03 21:34:03');
INSERT INTO `family_bind` VALUES (38, 1042, 1086, 'зҲ¶еҘі', '2026-04-03 21:34:03');
INSERT INTO `family_bind` VALUES (39, 1043, 1087, 'зҲ¶еӯҗ', '2026-04-03 21:34:03');
INSERT INTO `family_bind` VALUES (40, 1043, 1088, 'жҜҚеҘі', '2026-04-03 21:34:03');
INSERT INTO `family_bind` VALUES (41, 1044, 1089, 'зҲ¶еӯҗ', '2026-04-03 21:34:03');
INSERT INTO `family_bind` VALUES (42, 1044, 1090, 'зҲ¶еӯҗ', '2026-04-03 21:34:03');
INSERT INTO `family_bind` VALUES (43, 1045, 1091, 'жҜҚеҘі', '2026-04-03 21:34:03');
INSERT INTO `family_bind` VALUES (44, 1045, 1092, 'жҜҚеӯҗ', '2026-04-03 21:34:03');
INSERT INTO `family_bind` VALUES (45, 1046, 1093, 'зҲ¶еҘі', '2026-04-03 21:34:03');
INSERT INTO `family_bind` VALUES (46, 1046, 1094, 'зҲ¶еӯҗ', '2026-04-03 21:34:03');
INSERT INTO `family_bind` VALUES (47, 1047, 1095, 'еӨ«еҰ»', '2026-04-03 21:34:03');
INSERT INTO `family_bind` VALUES (48, 1047, 1096, 'зҲ¶еӯҗ', '2026-04-03 21:34:03');
INSERT INTO `family_bind` VALUES (49, 1048, 1097, 'жҜҚеҘі', '2026-04-03 21:34:03');
INSERT INTO `family_bind` VALUES (50, 1048, 1098, 'жҜҚеӯҗ', '2026-04-03 21:34:03');

-- ----------------------------
-- Table structure for health_records
-- ----------------------------
DROP TABLE IF EXISTS `health_records`;
CREATE TABLE `health_records`  (
  `record_id` bigint NOT NULL AUTO_INCREMENT COMMENT 'и®°еҪ•е”ҜдёҖж ҮиҜҶ',
  `user_id` bigint NULL DEFAULT NULL COMMENT 'жүҖеұһз”ЁжҲ·ID(иҖҒдәә)',
  `blood_pressure_high` float(4, 1) NULL DEFAULT NULL COMMENT 'ж”¶зј©еҺӢ(й«ҳеҺӢ)',
  `blood_pressure_low` float(4, 1) NULL DEFAULT NULL COMMENT 'иҲ’еј еҺӢ(дҪҺеҺӢ)',
  `heart_rate` int NULL DEFAULT NULL COMMENT 'еҝғзҺҮ',
  `blood_sugar` float(4, 1) NULL DEFAULT NULL COMMENT 'иЎҖзі–',
  `medication_info` text CHARACTER SET utf8mb4 COLLATE utf8mb4_0900_ai_ci NULL COMMENT 'з”ЁиҚҜдҝЎжҒҜ(з”ЁдәҺиҜӯйҹіж’ӯжҠҘ)',
  `record_time` datetime NULL DEFAULT CURRENT_TIMESTAMP COMMENT 'и®°еҪ•ж—¶й—ҙ',
  PRIMARY KEY (`record_id`) USING BTREE,
  INDEX `fk_health_user`(`user_id` ASC) USING BTREE,
  CONSTRAINT `fk_health_user` FOREIGN KEY (`user_id`) REFERENCES `user` (`user_id`) ON DELETE CASCADE ON UPDATE RESTRICT
) ENGINE = InnoDB AUTO_INCREMENT = 72 CHARACTER SET = utf8mb4 COLLATE = utf8mb4_0900_ai_ci COMMENT = 'еҒҘеә·жЎЈжЎҲиЎЁ' ROW_FORMAT = Dynamic;

-- ----------------------------
-- Records of health_records
-- ----------------------------
INSERT INTO `health_records` VALUES (1, 1021, 135.0, 85.0, 72, 5.5, 'йҳҝеҸёеҢ№жһ—пјҢжҜҸж—ҘдёҖж¬Ў', '2026-04-03 21:34:03');
INSERT INTO `health_records` VALUES (2, 1022, 140.5, 90.0, 78, 6.2, 'зЎқиӢҜең°е№іпјҢжҜҸж—ҘдёҖж¬Ў', '2026-04-03 21:34:03');
INSERT INTO `health_records` VALUES (3, 1023, 125.0, 80.0, 65, 5.1, 'зӣ®еүҚж— йңҖз”ЁиҚҜ', '2026-04-03 21:34:03');
INSERT INTO `health_records` VALUES (4, 1024, 150.0, 95.0, 85, 7.8, 'дәҢз”ІеҸҢиғҚпјҢжҜҸж—Ҙдёүж¬Ў', '2026-04-03 21:34:03');
INSERT INTO `health_records` VALUES (5, 1025, 130.0, 85.0, 70, 5.8, 'йҳҝжүҳдјҗд»–жұҖпјҢжҜҸжҷҡдёҖж¬Ў', '2026-04-03 21:34:03');
INSERT INTO `health_records` VALUES (6, 1026, 118.0, 75.0, 68, 4.9, 'й’ҷзүҮпјҢжҜҸж—ҘдёҖж¬Ў', '2026-04-03 21:34:03');
INSERT INTO `health_records` VALUES (7, 1027, 145.0, 88.0, 82, 6.5, 'йҳҝеҸёеҢ№жһ—пјҢжҜҸж—ҘдёҖж¬Ў', '2026-04-03 21:34:03');
INSERT INTO `health_records` VALUES (8, 1028, 138.0, 82.0, 75, 5.4, 'йҖҹж•Ҳж•‘еҝғдёёпјҢеҝ…иҰҒж—¶жңҚ', '2026-04-03 21:34:03');
INSERT INTO `health_records` VALUES (9, 1021, 132.0, 83.0, 70, 5.3, 'йҳҝеҸёеҢ№жһ—пјҢжҜҸж—ҘдёҖж¬Ў', '2026-04-03 21:34:03');
INSERT INTO `health_records` VALUES (10, 1022, 138.0, 88.0, 76, 6.0, 'зЎқиӢҜең°е№іпјҢжҜҸж—ҘдёҖж¬Ў', '2026-04-03 21:34:03');
INSERT INTO `health_records` VALUES (11, 1024, 142.0, 90.0, 80, 7.1, 'дәҢз”ІеҸҢиғҚпјҢжҜҸж—Ҙдёүж¬ЎпјҢеўһеҠ иғ°еІӣзҙ ', '2026-04-03 21:34:03');
INSERT INTO `health_records` VALUES (12, 1029, 138.0, 85.0, 72, 5.8, 'зЎқиӢҜең°е№іпјҢжҜҸж—ҘдёҖж¬Ў', '2026-04-03 21:34:03');
INSERT INTO `health_records` VALUES (13, 1029, 132.0, 82.0, 70, 5.6, 'зЎқиӢҜең°е№іпјҢжҜҸж—ҘдёҖж¬ЎпјҢиЎҖеҺӢжҺ§еҲ¶иүҜеҘҪ', '2026-04-03 21:34:03');
INSERT INTO `health_records` VALUES (14, 1030, 150.0, 95.0, 80, 7.5, 'дәҢз”ІеҸҢиғҚпјҢжҜҸж—ҘдәҢж¬ЎпјӣеҺ„иҙқжІҷеқҰ', '2026-04-03 21:34:03');
INSERT INTO `health_records` VALUES (15, 1030, 142.0, 88.0, 75, 6.9, 'дәҢз”ІеҸҢиғҚпјҢжҜҸж—ҘдәҢж¬ЎпјӣеҺ„иҙқжІҷеқҰ', '2026-04-03 21:34:03');
INSERT INTO `health_records` VALUES (16, 1031, 125.0, 75.0, 68, 4.8, 'зӣ®еүҚж— йңҖзү№ж®Ҡз”ЁиҚҜпјҢе»әи®®дҝқжҢҒиҝҗеҠЁ', '2026-04-03 21:34:03');
INSERT INTO `health_records` VALUES (17, 1031, 128.0, 78.0, 70, 5.0, 'зӣ®еүҚж— йңҖзү№ж®Ҡз”ЁиҚҜпјҢжіЁж„Ҹдҝқжҡ–', '2026-04-03 21:34:03');
INSERT INTO `health_records` VALUES (18, 1032, 145.0, 88.0, 82, 6.1, 'ж°Ёж°Ҝең°е№іпјҢжҜҸж—ҘдёҖж¬Ў', '2026-04-03 21:34:03');
INSERT INTO `health_records` VALUES (19, 1032, 136.0, 82.0, 78, 5.9, 'ж°Ёж°Ҝең°е№іпјҢжҜҸж—ҘдёҖж¬Ў', '2026-04-03 21:34:03');
INSERT INTO `health_records` VALUES (20, 1033, 130.0, 80.0, 72, 8.8, 'ж јеҲ—йҪҗзү№пјҢжҜҸж—ҘдёҖж¬ЎпјҢдёҘж јжҺ§зі–', '2026-04-03 21:34:03');
INSERT INTO `health_records` VALUES (21, 1033, 128.0, 78.0, 70, 7.5, 'ж јеҲ—йҪҗзү№пјҢжҜҸж—ҘдёҖж¬ЎпјҢиЎҖзі–жңүжүҖдёӢйҷҚ', '2026-04-03 21:34:03');
INSERT INTO `health_records` VALUES (22, 1034, 118.0, 70.0, 65, 5.2, 'йӘЁеҢ–дёүйҶҮеҸҠй’ҷзүҮпјҢжҜҸж—ҘдёҖж¬Ў', '2026-04-03 21:34:03');
INSERT INTO `health_records` VALUES (23, 1034, 120.0, 72.0, 68, 5.1, 'йӘЁеҢ–дёүйҶҮеҸҠй’ҷзүҮпјҢжҜҸж—ҘдёҖж¬Ў', '2026-04-03 21:34:03');
INSERT INTO `health_records` VALUES (24, 1035, 145.0, 90.0, 92, 5.5, 'еҖҚд»–д№җе…ӢпјҢжҜҸж—ҘдёҖж¬ЎпјҢжҺ§еҲ¶еҝғзҺҮ', '2026-04-03 21:34:03');
INSERT INTO `health_records` VALUES (25, 1035, 138.0, 85.0, 82, 5.4, 'еҖҚд»–д№җе…ӢпјҢжҜҸж—ҘдёҖж¬ЎпјҢеҝғзҺҮе№ізЁі', '2026-04-03 21:34:03');
INSERT INTO `health_records` VALUES (26, 1036, 135.0, 85.0, 75, 6.8, 'йҳҝжүҳдјҗд»–жұҖпјҢжҜҸжҷҡдёҖж¬Ў', '2026-04-03 21:34:03');
INSERT INTO `health_records` VALUES (27, 1036, 130.0, 82.0, 72, 6.2, 'йҳҝжүҳдјҗд»–жұҖпјҢжҜҸжҷҡдёҖж¬Ў', '2026-04-03 21:34:03');
INSERT INTO `health_records` VALUES (28, 1037, 122.0, 78.0, 70, 4.9, 'жҢҮж ҮжӯЈеёёпјҢе»әи®®йҖӮйҮҸж•ЈжӯҘ', '2026-04-03 21:34:03');
INSERT INTO `health_records` VALUES (29, 1037, 125.0, 80.0, 72, 5.1, 'жҢҮж ҮжӯЈеёёпјҢз»§з»ӯдҝқжҢҒ', '2026-04-03 21:34:03');
INSERT INTO `health_records` VALUES (30, 1038, 165.0, 105.0, 88, 7.2, 'еҺ„иҙқжІҷеқҰж°ўж°Ҝеҷ»е—ӘпјҢжҜҸж—ҘдёҖж¬Ў', '2026-04-03 21:34:03');
INSERT INTO `health_records` VALUES (31, 1038, 148.0, 95.0, 82, 6.8, 'еҺ„иҙқжІҷеқҰж°ўж°Ҝеҷ»е—ӘпјҢиЎҖеҺӢејҖе§ӢеӣһиҗҪ', '2026-04-03 21:34:03');
INSERT INTO `health_records` VALUES (32, 1039, 130.0, 80.0, 75, 5.4, 'йҳҝеҸёеҢ№жһ—гҖҒйҖҹж•Ҳж•‘еҝғдёёйҡҸиә«жҗәеёҰ', '2026-04-03 21:34:03');
INSERT INTO `health_records` VALUES (33, 1039, 132.0, 82.0, 72, 5.3, 'жҢүж—¶жңҚиҚҜпјҢиҝ‘жңҹж— иғёй—·з—ҮзҠ¶', '2026-04-03 21:34:03');
INSERT INTO `health_records` VALUES (34, 1040, 140.0, 88.0, 80, 10.5, 'иғ°еІӣзҙ жіЁе°„пјҢжҜҸж—ҘдәҢж¬Ў', '2026-04-03 21:34:03');
INSERT INTO `health_records` VALUES (35, 1040, 138.0, 85.0, 78, 8.2, 'иғ°еІӣзҙ жіЁе°„пјҢз©әи…№иЎҖзі–ж”№е–„', '2026-04-03 21:34:03');
INSERT INTO `health_records` VALUES (36, 1041, 138.0, 82.0, 68, 5.0, 'йқһжҙӣең°е№іпјҢжҜҸж—ҘдёҖж¬Ў', '2026-04-03 21:34:03');
INSERT INTO `health_records` VALUES (37, 1041, 130.0, 78.0, 66, 4.9, 'йқһжҙӣең°е№іпјҢжҜҸж—ҘдёҖж¬Ў', '2026-04-03 21:34:03');
INSERT INTO `health_records` VALUES (38, 1042, 145.0, 92.0, 95, 6.5, 'зҫҺжүҳжҙӣе°”пјҢжҜҸж—ҘдәҢж¬Ў', '2026-04-03 21:34:03');
INSERT INTO `health_records` VALUES (39, 1042, 140.0, 88.0, 82, 6.2, 'зҫҺжүҳжҙӣе°”пјҢеҝғзҺҮжҒўеӨҚжӯЈеёёиҢғеӣҙ', '2026-04-03 21:34:03');
INSERT INTO `health_records` VALUES (40, 1043, 135.0, 82.0, 76, 5.8, 'иҫ…й…¶Q10пјҢйҳҝеҸёеҢ№жһ—', '2026-04-03 21:34:03');
INSERT INTO `health_records` VALUES (41, 1043, 132.0, 80.0, 74, 5.5, 'иҫ…й…¶Q10пјҢйҳҝеҸёеҢ№жһ—пјҢз»ҙжҢҒеҺҹж–№жЎҲ', '2026-04-03 21:34:03');
INSERT INTO `health_records` VALUES (42, 1044, 155.0, 95.0, 88, 9.2, 'йҳҝеҚЎжіўзі– йӨҗж—¶жңҚз”ЁпјӣзЎқиӢҜең°е№і', '2026-04-03 21:34:03');
INSERT INTO `health_records` VALUES (43, 1044, 145.0, 88.0, 84, 7.8, 'жҢүеҺҹж–№жЎҲжңҚиҚҜпјҢеҗ„йЎ№жҢҮж Үж”№е–„', '2026-04-03 21:34:03');
INSERT INTO `health_records` VALUES (44, 1045, 125.0, 78.0, 70, 5.2, 'зўій…ёй’ҷD3пјҢжҜҸж—ҘдёҖж¬Ў', '2026-04-03 21:34:03');
INSERT INTO `health_records` VALUES (45, 1045, 122.0, 75.0, 68, 5.0, 'зўій…ёй’ҷD3пјҢжҜҸж—ҘдёҖж¬Ў', '2026-04-03 21:34:03');
INSERT INTO `health_records` VALUES (46, 1046, 138.0, 85.0, 75, 6.0, 'иҫӣдјҗд»–жұҖпјҢжҜҸжҷҡдёҖж¬ЎпјҢжё…ж·ЎйҘ®йЈҹ', '2026-04-03 21:34:03');
INSERT INTO `health_records` VALUES (47, 1046, 135.0, 82.0, 72, 5.8, 'иҫӣдјҗд»–жұҖпјҢеқҡжҢҒдҪҺи„ӮйҘ®йЈҹжңүж•Ҳ', '2026-04-03 21:34:03');
INSERT INTO `health_records` VALUES (48, 1047, 142.0, 88.0, 82, 7.5, 'дәҢз”ІеҸҢиғҚпјҢжҜҸж—ҘдёҖж¬Ў', '2026-04-03 21:34:03');
INSERT INTO `health_records` VALUES (49, 1047, 138.0, 85.0, 80, 6.6, 'дәҢз”ІеҸҢиғҚпјҢиЎҖзі–жҺ§еҲ¶еңЁеҗҲж јзәҝ', '2026-04-03 21:34:03');
INSERT INTO `health_records` VALUES (50, 1048, 130.0, 80.0, 65, 5.5, 'зЁіеҝғйў—зІ’пјҢжҜҸж—Ҙдёүж¬Ў', '2026-04-03 21:34:03');
INSERT INTO `health_records` VALUES (51, 1048, 128.0, 78.0, 68, 5.4, 'зЁіеҝғйў—зІ’пјҢз—ҮзҠ¶зј“и§Ј', '2026-04-03 21:34:03');
INSERT INTO `health_records` VALUES (52, 1021, 134.0, 82.0, 71, 5.3, 'йҳҝеҸёеҢ№жһ—пјҢжҜҸж—ҘдёҖж¬ЎпјҢеӨҚжҹҘжғ…еҶөзЁіе®ҡ', '2026-04-03 21:34:03');
INSERT INTO `health_records` VALUES (53, 1021, 130.0, 80.0, 70, 5.2, 'йҳҝеҸёеҢ№жһ—пјҢжҜҸж—ҘдёҖж¬ЎпјҢиЎҖеҺӢжһҒдҪі', '2026-04-03 21:34:03');
INSERT INTO `health_records` VALUES (54, 1022, 136.0, 85.0, 75, 5.9, 'зЎқиӢҜең°е№іпјҢжҜҸж—ҘдёҖж¬ЎпјҢеҮҸйҮҸжөӢиҜ•', '2026-04-03 21:34:03');
INSERT INTO `health_records` VALUES (55, 1022, 135.0, 84.0, 74, 5.8, 'зЎқиӢҜең°е№іпјҢз»ҙжҢҒеҮҸйҮҸеҗҺзҠ¶жҖҒиүҜеҘҪ', '2026-04-03 21:34:03');
INSERT INTO `health_records` VALUES (56, 1023, 124.0, 78.0, 64, 5.0, 'зӣ®еүҚж— йңҖз”ЁиҚҜпјҢж—ҘеёёйҡҸи®ҝ', '2026-04-03 21:34:03');
INSERT INTO `health_records` VALUES (57, 1023, 122.0, 75.0, 62, 4.9, 'иЎҖеҺӢеҝғзҺҮе®ҢзҫҺпјҢе»әи®®з»§з»ӯи·іе№ҝеңәиҲһ', '2026-04-03 21:34:03');
INSERT INTO `health_records` VALUES (58, 1023, 120.0, 72.0, 60, 4.8, 'еёёи§„дҪ“жЈҖпјҢжңӘи§ҒејӮеёё', '2026-04-03 21:34:03');
INSERT INTO `health_records` VALUES (59, 1024, 140.0, 88.0, 78, 6.8, 'дәҢз”ІеҸҢиғҚпјҢеўһеҠ иғ°еІӣзҙ еҗҺиЎҖзі–дёӢйҷҚ', '2026-04-03 21:34:03');
INSERT INTO `health_records` VALUES (60, 1024, 138.0, 85.0, 75, 6.5, 'дәҢз”ІеҸҢиғҚпјҢиғ°еІӣзҙ еҮҸйҮҸ', '2026-04-03 21:34:03');
INSERT INTO `health_records` VALUES (61, 1024, 135.0, 82.0, 72, 6.2, 'дәҢз”ІеҸҢиғҚпјҢжҜҸж—Ҙдёүж¬ЎпјҢзҠ¶жҖҒжҒўеӨҚдёҚй”ҷ', '2026-04-03 21:34:03');
INSERT INTO `health_records` VALUES (62, 1025, 128.0, 82.0, 68, 5.6, 'йҳҝжүҳдјҗд»–жұҖпјҢжҜҸжҷҡдёҖж¬Ў', '2026-04-03 21:34:03');
INSERT INTO `health_records` VALUES (63, 1025, 125.0, 80.0, 66, 5.4, 'йҳҝжүҳдјҗд»–жұҖпјҢиЎҖи„ӮеӨҚжҹҘе·Іиҫҫж Ү', '2026-04-03 21:34:03');
INSERT INTO `health_records` VALUES (64, 1025, 126.0, 81.0, 67, 5.5, 'йҳҝжүҳдјҗд»–жұҖпјҢйҡ”ж—ҘдёҖж¬Ўз»ҙжҢҒ', '2026-04-03 21:34:03');
INSERT INTO `health_records` VALUES (65, 1026, 115.0, 72.0, 65, 4.8, 'й’ҷзүҮпјҢжҜҸж—ҘдёҖж¬ЎпјҢйӘЁеҜҶеәҰеӨҚжҹҘ', '2026-04-03 21:34:03');
INSERT INTO `health_records` VALUES (66, 1026, 118.0, 74.0, 66, 4.9, 'й’ҷзүҮпјҢжҜҸж—ҘдёҖж¬ЎпјҢе…іиҠӮз–јз—ӣзј“и§Ј', '2026-04-03 21:34:03');
INSERT INTO `health_records` VALUES (67, 1026, 120.0, 75.0, 68, 5.0, 'еҒңз”Ёй’ҷзүҮпјҢж”№дёәйЈҹиЎҘ', '2026-04-03 21:34:03');
INSERT INTO `health_records` VALUES (68, 1027, 142.0, 85.0, 80, 6.3, 'йҳҝеҸёеҢ№жһ—пјҢжҜҸж—ҘдёҖж¬ЎпјҢеҫ®и°ғеүӮйҮҸ', '2026-04-03 21:34:03');
INSERT INTO `health_records` VALUES (69, 1027, 140.0, 82.0, 78, 6.1, 'йҳҝеҸёеҢ№жһ—пјҢжҜҸж—ҘдёҖж¬ЎпјҢжғ…еҶөе№ізЁі', '2026-04-03 21:34:03');
INSERT INTO `health_records` VALUES (70, 1028, 135.0, 80.0, 72, 5.2, 'йҖҹж•Ҳж•‘еҝғдёёпјҢеҝ…иҰҒж—¶жңҚпјҢиҝ‘жңҹжңӘеҸ‘дҪң', '2026-04-03 21:34:03');
INSERT INTO `health_records` VALUES (71, 1028, 132.0, 78.0, 70, 5.0, 'еёёи§„еҝғз”өеӣҫеӨҚжҹҘжӯЈеёёпјҢз»§з»ӯи§ӮеҜҹ', '2026-04-03 21:34:03');

-- ----------------------------
-- Table structure for user
-- ----------------------------
DROP TABLE IF EXISTS `user`;
CREATE TABLE `user`  (
  `user_id` bigint NOT NULL AUTO_INCREMENT COMMENT 'з”ЁжҲ·е”ҜдёҖж ҮиҜҶ',
  `username` varchar(50) CHARACTER SET utf8mb4 COLLATE utf8mb4_0900_ai_ci NOT NULL COMMENT 'зҷ»еҪ•иҙҰеҸ·',
  `password` varchar(100) CHARACTER SET utf8mb4 COLLATE utf8mb4_0900_ai_ci NOT NULL COMMENT 'зҷ»еҪ•еҜҶз Ғ(еҠ еҜҶ)',
  `real_name` varchar(50) CHARACTER SET utf8mb4 COLLATE utf8mb4_0900_ai_ci NULL DEFAULT NULL COMMENT 'зңҹе®һе§“еҗҚ',
  `age` int NULL DEFAULT NULL COMMENT 'е№ҙйҫ„',
  `role` tinyint(1) NULL DEFAULT NULL COMMENT 'и§’иүІ(0иҖҒдәә,1е®¶еұһ,2еҢ»з”ҹ,3зӨҫеҢә)',
  `phone` varchar(11) CHARACTER SET utf8mb4 COLLATE utf8mb4_0900_ai_ci NULL DEFAULT NULL COMMENT 'иҒ”зі»з”өиҜқ',
  PRIMARY KEY (`user_id`) USING BTREE,
  UNIQUE INDEX `uk_username`(`username` ASC) USING BTREE
) ENGINE = InnoDB AUTO_INCREMENT = 1104 CHARACTER SET = utf8mb4 COLLATE = utf8mb4_0900_ai_ci COMMENT = 'з”ЁжҲ·дҝЎжҒҜиЎЁ' ROW_FORMAT = Dynamic;

-- ----------------------------
-- Records of user
-- ----------------------------
INSERT INTO `user` VALUES (1001, 'dr_li', '123456', 'жқҺеҢ»з”ҹ', 40, 2, '13900002222');
INSERT INTO `user` VALUES (1002, 'dr_zhang', '123456', 'еј еҢ»з”ҹ', 45, 2, '13900004444');
INSERT INTO `user` VALUES (1003, 'dr_wang', '123456', 'зҺӢдё»д»»', 50, 2, '13900007777');
INSERT INTO `user` VALUES (1004, 'dr_zhao', '123456', 'иөөеҢ»еёҲ', 38, 2, '13900000000');
INSERT INTO `user` VALUES (1005, 'dr_chen', '123456', 'йҷҲеҢ»з”ҹ', 42, 2, '13900001098');
INSERT INTO `user` VALUES (1006, 'dr_liu', '123456', 'еҲҳеҢ»з”ҹ', 38, 2, '13900001099');
INSERT INTO `user` VALUES (1007, 'dr_yang', '123456', 'жқЁдё»д»»', 55, 2, '13900001100');
INSERT INTO `user` VALUES (1008, 'dr_huang', '123456', 'й»„еҢ»еёҲ', 32, 2, '13900001101');
INSERT INTO `user` VALUES (1009, 'dr_wu', '123456', 'еҗҙеҢ»з”ҹ', 46, 2, '13900001102');
INSERT INTO `user` VALUES (1010, 'dr_xu', '123456', 'и®ёеҢ»з”ҹ', 35, 2, '13900001103');
INSERT INTO `user` VALUES (1011, 'cw_zhang', '123456', 'еј зӨҫе·Ҙ', 28, 3, '13700001013');
INSERT INTO `user` VALUES (1012, 'cw_li', '123456', 'жқҺзҪ‘ж је‘ҳ', 35, 3, '13700001014');
INSERT INTO `user` VALUES (1013, 'cw_wang', '123456', 'зҺӢе№ІдәӢ', 42, 3, '13700001015');
INSERT INTO `user` VALUES (1014, 'cw_zhao', '123456', 'иөөдё»д»»', 50, 3, '13700001016');
INSERT INTO `user` VALUES (1015, 'cw_chen', '123456', 'йҷҲдё“е‘ҳ', 25, 3, '13700001017');
INSERT INTO `user` VALUES (1016, 'cw_liu', '123456', 'еҲҳзӨҫе·Ҙ', 30, 3, '13700001018');
INSERT INTO `user` VALUES (1017, 'cw_sun', '123456', 'еӯҷеҠ©зҗҶ', 26, 3, '13700001019');
INSERT INTO `user` VALUES (1018, 'cw_wu', '123456', 'еҗҙз«ҷй•ҝ', 45, 3, '13700001020');
INSERT INTO `user` VALUES (1019, 'cw_zheng', '123456', 'йғ‘зҪ‘ж је‘ҳ', 33, 3, '13700001021');
INSERT INTO `user` VALUES (1020, 'cw_zhou', '123456', 'е‘Ёе№ІдәӢ', 38, 3, '13700001022');
INSERT INTO `user` VALUES (1021, 'laowang', '123456', 'зҺӢеӨ§зҲ·', 75, 0, '13800001111');
INSERT INTO `user` VALUES (1022, 'zhaosi', '123456', 'иөөеӨ§зҲ·', 68, 0, '13800003333');
INSERT INTO `user` VALUES (1023, 'liudama', '123456', 'еҲҳеӨ§еҰҲ', 72, 0, '13800005555');
INSERT INTO `user` VALUES (1024, 'chenbo', '123456', 'йҷҲдјҜ', 80, 0, '13800006666');
INSERT INTO `user` VALUES (1025, 'sunayi', '123456', 'еӯҷйҳҝе§Ё', 65, 0, '13800008888');
INSERT INTO `user` VALUES (1026, 'zhoudaye', '123456', 'е‘ЁеӨ§зҲ·', 78, 0, '13800009999');
INSERT INTO `user` VALUES (1027, 'wulaotai', '123456', 'еҗҙиҖҒеӨӘ', 85, 0, '13800001011');
INSERT INTO `user` VALUES (1028, 'zhengge', '123456', 'йғ‘еӨ§зҲ·', 70, 0, '13800001012');
INSERT INTO `user` VALUES (1029, 'qiandama', '123456', 'й’ұеӨ§еҰҲ', 65, 0, '13800001033');
INSERT INTO `user` VALUES (1030, 'sundaye', '123456', 'еӯҷеӨ§зҲ·', 72, 0, '13800001034');
INSERT INTO `user` VALUES (1031, 'lilaohan', '123456', 'жқҺиҖҒжұү', 80, 0, '13800001035');
INSERT INTO `user` VALUES (1032, 'zhounainai', '123456', 'е‘ЁеҘ¶еҘ¶', 78, 0, '13800001036');
INSERT INTO `user` VALUES (1033, 'wubobo', '123456', 'еҗҙдјҜдјҜ', 68, 0, '13800001037');
INSERT INTO `user` VALUES (1034, 'zhengbai', '123456', 'йғ‘йҳҝе§Ё', 62, 0, '13800001038');
INSERT INTO `user` VALUES (1035, 'wanglaotai', '123456', 'зҺӢиҖҒеӨӘ', 85, 0, '13800001039');
INSERT INTO `user` VALUES (1036, 'fengdaye', '123456', 'еҶҜеӨ§зҲ·', 74, 0, '13800001040');
INSERT INTO `user` VALUES (1037, 'chendama', '123456', 'йҷҲеӨ§еҰҲ', 66, 0, '13800001041');
INSERT INTO `user` VALUES (1038, 'chudaye', '123456', 'иӨҡеӨ§зҲ·', 79, 0, '13800001042');
INSERT INTO `user` VALUES (1039, 'weilaotou', '123456', 'еҚ«иҖҒеӨҙ', 82, 0, '13800001043');
INSERT INTO `user` VALUES (1040, 'jiangayi', '123456', 'и’Ӣйҳҝе§Ё', 64, 0, '13800001044');
INSERT INTO `user` VALUES (1041, 'shendama', '123456', 'жІҲеӨ§еҰҲ', 70, 0, '13800001045');
INSERT INTO `user` VALUES (1042, 'hanbobo', '123456', 'йҹ©дјҜдјҜ', 75, 0, '13800001046');
INSERT INTO `user` VALUES (1043, 'yangnainai', '123456', 'жқЁеҘ¶еҘ¶', 88, 0, '13800001047');
INSERT INTO `user` VALUES (1044, 'zhudaye', '123456', 'жңұеӨ§зҲ·', 77, 0, '13800001048');
INSERT INTO `user` VALUES (1045, 'qinlaotai', '123456', 'з§ҰиҖҒеӨӘ', 83, 0, '13800001049');
INSERT INTO `user` VALUES (1046, 'youdaye', '123456', 'е°ӨеӨ§зҲ·', 71, 0, '13800001050');
INSERT INTO `user` VALUES (1047, 'xuayi', '123456', 'и®ёйҳҝе§Ё', 69, 0, '13800001051');
INSERT INTO `user` VALUES (1048, 'helaohan', '123456', 'дҪ•иҖҒжұү', 86, 0, '13800001052');
INSERT INTO `user` VALUES (1049, 'fm_wang_son', '123456', 'зҺӢе»әеӣҪ', 50, 1, '13500001023');
INSERT INTO `user` VALUES (1050, 'fm_wang_dau', '123456', 'зҺӢдёҪдёҪ', 45, 1, '13500001024');
INSERT INTO `user` VALUES (1051, 'fm_zhao_son', '123456', 'иөөејә', 42, 1, '13500001025');
INSERT INTO `user` VALUES (1052, 'fm_liu_son', '123456', 'жқҺеҝ—еҲҡ', 48, 1, '13500001026');
INSERT INTO `user` VALUES (1053, 'fm_liu_dau', '123456', 'жқҺжў…', 43, 1, '13500001027');
INSERT INTO `user` VALUES (1054, 'fm_chen_son', '123456', 'йҷҲж–Ң', 55, 1, '13500001028');
INSERT INTO `user` VALUES (1055, 'fm_sun_dau', '123456', 'е‘Ёж•Ҹ', 40, 1, '13500001029');
INSERT INTO `user` VALUES (1056, 'fm_zhou_son', '123456', 'е‘Ёжқ°', 52, 1, '13500001030');
INSERT INTO `user` VALUES (1057, 'fm_wu_dau', '123456', 'еҗҙе°ҸзҮ•', 60, 1, '13500001031');
INSERT INTO `user` VALUES (1058, 'fm_zheng_son', '123456', 'йғ‘жө©', 46, 1, '13500001032');
INSERT INTO `user` VALUES (1059, 'fm_zhao_g', '123456', 'иөөеҲҡ', 40, 1, '13600001053');
INSERT INTO `user` VALUES (1060, 'fm_zhao_x', '123456', 'иөөйӣӘ', 38, 1, '13600001054');
INSERT INTO `user` VALUES (1061, 'fm_sun_w', '123456', 'еӯҷдјҹ', 45, 1, '13600001055');
INSERT INTO `user` VALUES (1062, 'fm_sun_q', '123456', 'еӯҷзҗҙ', 42, 1, '13600001056');
INSERT INTO `user` VALUES (1063, 'fm_li_jian', '123456', 'жқҺе»ә', 55, 1, '13600001057');
INSERT INTO `user` VALUES (1064, 'fm_li_qiang', '123456', 'жқҺејә', 50, 1, '13600001058');
INSERT INTO `user` VALUES (1065, 'fm_qian_y', '123456', 'й’ұеӢҮ', 52, 1, '13600001059');
INSERT INTO `user` VALUES (1066, 'fm_qian_f', '123456', 'й’ұиҠі', 48, 1, '13600001060');
INSERT INTO `user` VALUES (1067, 'fm_wu_j', '123456', 'еҗҙйқҷ', 40, 1, '13600001061');
INSERT INTO `user` VALUES (1068, 'fm_lin_t', '123456', 'жһ—ж¶ӣ', 42, 1, '13600001062');
INSERT INTO `user` VALUES (1069, 'fm_wang_y', '123456', 'зҺӢжҙӢ', 35, 1, '13600001063');
INSERT INTO `user` VALUES (1070, 'fm_li_na', '123456', 'жқҺеЁң', 34, 1, '13600001064');
INSERT INTO `user` VALUES (1071, 'fm_zhang_gq', '123456', 'еј еӣҪеәҶ', 60, 1, '13600001065');
INSERT INTO `user` VALUES (1072, 'fm_zhang_xy', '123456', 'еј з§ҖиӢұ', 58, 1, '13500001066');
INSERT INTO `user` VALUES (1073, 'fm_feng_j', '123456', 'еҶҜеҶӣ', 48, 1, '13600001067');
INSERT INTO `user` VALUES (1074, 'fm_feng_l', '123456', 'еҶҜе…°', 45, 1, '13600001068');
INSERT INTO `user` VALUES (1075, 'fm_liu_b', '123456', 'еҲҳжіў', 42, 1, '13600001069');
INSERT INTO `user` VALUES (1076, 'fm_liu_y', '123456', 'еҲҳзҮ•', 39, 1, '13600001070');
INSERT INTO `user` VALUES (1077, 'fm_chu_h', '123456', 'иӨҡиҫү', 50, 1, '13600001071');
INSERT INTO `user` VALUES (1078, 'fm_chu_m', '123456', 'иӨҡжҳҺ', 46, 1, '13600001072');
INSERT INTO `user` VALUES (1079, 'fm_wei_p', '123456', 'еҚ«е№і', 55, 1, '13600001073');
INSERT INTO `user` VALUES (1080, 'fm_wei_h', '123456', 'еҚ«зәў', 52, 1, '13600001074');
INSERT INTO `user` VALUES (1081, 'fm_song_f', '123456', 'е®ӢйЈһ', 38, 1, '13600001075');
INSERT INTO `user` VALUES (1082, 'fm_song_j', '123456', 'е®ӢдҪі', 35, 1, '13600001076');
INSERT INTO `user` VALUES (1083, 'fm_gao_l', '123456', 'й«ҳйӣ·', 46, 1, '13600001077');
INSERT INTO `user` VALUES (1084, 'fm_gao_p', '123456', 'й«ҳиҗҚ', 42, 1, '13600001078');
INSERT INTO `user` VALUES (1085, 'fm_han_f', '123456', 'йҹ©еі°', 49, 1, '13600001079');
INSERT INTO `user` VALUES (1086, 'fm_han_x', '123456', 'йҹ©йӣӘ', 45, 1, '13600001080');
INSERT INTO `user` VALUES (1087, 'fm_chen_zm', '123456', 'йҷҲеҝ—жҳҺ', 62, 1, '13600001081');
INSERT INTO `user` VALUES (1088, 'fm_chen_yl', '123456', 'йҷҲзҺүе…°', 59, 1, '13600001082');
INSERT INTO `user` VALUES (1089, 'fm_zhu_b', '123456', 'жңұж–Ң', 48, 1, '13600001083');
INSERT INTO `user` VALUES (1090, 'fm_zhu_k', '123456', 'жңұеҮҜ', 45, 1, '13600001084');
INSERT INTO `user` VALUES (1091, 'fm_zhu_l', '123456', 'жңұдёҪ', 42, 1, '13600001085');
INSERT INTO `user` VALUES (1092, 'fm_li_tie', '123456', 'жқҺй“Ғ', 58, 1, '13600001086');
INSERT INTO `user` VALUES (1093, 'fm_li_juan', '123456', 'жқҺеЁҹ', 55, 1, '13600001087');
INSERT INTO `user` VALUES (1094, 'fm_li_qin', '123456', 'жқҺзҗҙ', 50, 1, '13600001088');
INSERT INTO `user` VALUES (1095, 'fm_you_jh', '123456', 'е°Өе»әеҚҺ', 45, 1, '13600001089');
INSERT INTO `user` VALUES (1096, 'fm_you_jg', '123456', 'е°Өе»әеӣҪ', 43, 1, '13600001090');
INSERT INTO `user` VALUES (1097, 'fm_you_xf', '123456', 'е°Өе°ҸиҠі', 40, 1, '13600001091');
INSERT INTO `user` VALUES (1098, 'fm_wang_lei', '123456', 'зҺӢзЈҠ', 42, 1, '13600001092');
INSERT INTO `user` VALUES (1099, 'fm_wang_ting', '123456', 'зҺӢе©·', 39, 1, '13600001093');
INSERT INTO `user` VALUES (1100, 'fm_wang_yuan', '123456', 'зҺӢеӘӣ', 35, 1, '13600001094');
INSERT INTO `user` VALUES (1101, 'fm_he_zh', '123456', 'дҪ•дёӯеҚҺ', 60, 1, '13600001095');
INSERT INTO `user` VALUES (1102, 'fm_he_zx', '123456', 'дҪ•дёӯе…ҙ', 58, 1, '13600001096');
INSERT INTO `user` VALUES (1103, 'fm_he_zm', '123456', 'дҪ•дёӯжў…', 55, 1, '13600001097');

SET FOREIGN_KEY_CHECKS = 1;
